sample_id,hiseq_id,library,observed_stage,stage,sex,site_shrt,region,site,year,month,latitude,longitude,pcl,fl,tl
SC_2279,ATL_10-01,10,NA,YOY,F,PRS,Atl,Port_Royal_Sound,2016,AUG,32.1723,-80.5782,504,555,701
SC_664,ATL_1-01,01,NA,YOY,F,PRS,Atl,Port_Royal_Sound,2012,AUG,32.34215,-80.76567,NA,508,571
SC_784,ATL_1-02,01,NA,YOY,M,BLB,Atl,Bulls_Bay,2013,MAY,33.0095,-79.48533,NA,471,529
SC_788,ATL_1-03,01,NA,YOY,M,SHS,Atl,St._Helena_Sound,2013,JUN,32.50048,-80.54033,NA,445,500
SC_657,ATL_1-04,01,NA,YOY,M,SHS,Atl,St._Helena_Sound,2012,AUG,32.50048,-80.54033,NA,470,528
SC_658,ATL_1-05,01,NA,YOY,F,SHS,Atl,St._Helena_Sound,2012,AUG,32.50048,-80.54033,NA,500,562
SC_666,ATL_1-06,01,NA,YOY,M,PRS,Atl,Port_Royal_Sound,2012,AUG,32.28818,-80.73142,NA,509,572
SC_669,ATL_1-07,01,NA,YOY,M,SHS,Atl,St._Helena_Sound,2012,AUG,32.50127,-80.52822,NA,440,495
SC_670,ATL_1-08,01,NA,YOY,F,SHS,Atl,St._Helena_Sound,2012,AUG,32.50127,-80.52822,NA,491,552
SC_672,ATL_1-09,01,NA,YOY,M,SHS,Atl,St._Helena_Sound,2012,AUG,32.4983,-80.51498,NA,482,542
SC_682,ATL_1-10,01,NA,YOY,F,SHS,Atl,St._Helena_Sound,2012,AUG,32.44647,-80.37242,NA,530,595
SC_2268,ATL_11-01,11,NA,YOY,F,SHS,Atl,St._Helena_Sound,2016,AUG,32.443,-80.3793,508,560,707
SC_2261,ATL_11-02,11,NA,YOY,F,BLB,Atl,Bulls_Bay,2016,AUG,33.0351,-79.5456,496,546,683
SC_2258,ATL_11-03,11,NA,YOY,M,BLB,Atl,Bulls_Bay,2016,JUL,33.0351,-79.5456,434,478,605
SC_2256,ATL_11-04,11,NA,YOY,M,BLB,Atl,Bulls_Bay,2016,JUL,33.0351,-79.5456,421,464,585
SC_2250,ATL_11-05,11,NA,YOY,F,BLB,Atl,Bulls_Bay,2016,JUL,33.0351,-79.5456,499,550,688
SC_2230,ATL_11-06,11,NA,YOY,F,BLB,Atl,Bulls_Bay,2016,JUL,33.0351,-79.5456,473,521,656
SC_2229,ATL_11-07,11,NA,YOY,F,BLB,Atl,Bulls_Bay,2016,JUL,33.0351,-79.5456,470,518,656
SC_2222,ATL_11-08,11,NA,YOY,F,BLB,Atl,Bulls_Bay,2016,JUL,33.0095,-79.4853,503,554,697
SC_2280,ATL_11-09,11,NA,YOY,F,PRS,Atl,Port_Royal_Sound,2016,AUG,32.1723,-80.5782,536,590,740
SC_726,ATL_1-11,01,NA,YOY,M,PRS,Atl,Port_Royal_Sound,2012,OCT,32.15793,-80.58978,NA,561,630
SC_2218,ATL_11-10,11,NA,YOY,M,BLB,Atl,Bulls_Bay,2016,JUL,33.0095,-79.4853,471,519,655
SC_2322,ATL_11-11,11,NA,YOY,F,SHS,Atl,St._Helena_Sound,2016,AUG,32.5005,-80.5403,534,588,714
SC_2291,ATL_11-12,11,NA,YOY,F,BLB,Atl,Bulls_Bay,2016,AUG,32.9387,-79.6042,498,549,689
SC_2275,ATL_11-13,11,NA,YOY,UND,SHS,Atl,St._Helena_Sound,2016,AUG,32.5071,-80.5113,515,567,713
SC_2272,ATL_11-14,11,NA,YOY,F,SHS,Atl,St._Helena_Sound,2016,AUG,32.4882,-80.4758,500,551,694
SC_2270,ATL_11-15,11,NA,YOY,M,SHS,Atl,St._Helena_Sound,2016,AUG,32.4499,-80.4201,487,536,674
SC_2269,ATL_11-16,11,NA,YOY,F,SHS,Atl,St._Helena_Sound,2016,AUG,32.4417,-80.3929,494,544,672
SC_729,ATL_1-13,01,NA,YOY,M,SHS,Atl,St._Helena_Sound,2012,OCT,32.50048,-80.54033,NA,548,615
SC_791,ATL_1-14,01,NA,YOY,F,SHS,Atl,St._Helena_Sound,2013,JUN,32.50048,-80.54033,NA,414,465
SC_792,ATL_1-15,01,NA,YOY,F,SHS,Atl,St._Helena_Sound,2013,JUN,32.50048,-80.54033,NA,427,480
SC_794,ATL_1-16,01,NA,YOY,F,SHS,Atl,St._Helena_Sound,2013,JUN,32.50048,-80.54033,NA,460,517
SC_797,ATL_1-17,01,NA,YOY,F,BLB,Atl,Bulls_Bay,2013,JUN,33.03317,-79.52933,NA,432,485
SC_798,ATL_1-18,01,NA,YOY,M,BLB,Atl,Bulls_Bay,2013,JUN,33.03317,-79.52933,NA,490,550
SC_804,ATL_1-19,01,NA,YOY,F,BLB,Atl,Bulls_Bay,2013,JUN,33.03317,-79.52933,NA,457,514
SC_813,ATL_1-20,01,NA,YOY,M,BLB,Atl,Bulls_Bay,2013,JUN,33.02478,-79.50423,NA,485,545
SC_816,ATL_1-21,01,NA,YOY,M,BLB,Atl,Bulls_Bay,2013,JUN,33.02478,-79.50423,NA,442,497
SC_859,ATL_1-22,01,NA,YOY,F,BLB,Atl,Bulls_Bay,2013,JUN,33.0095,-79.48533,NA,496,557
SC_863,ATL_1-24,01,NA,YOY,M,BLB,Atl,Bulls_Bay,2013,JUN,33.03317,-79.52933,NA,444,499
SC_865,ATL_1-25,01,NA,YOY,F,BLB,Atl,Bulls_Bay,2013,JUN,33.03317,-79.52933,NA,415,466
SC_681,ATL_2-07,02,NA,YOY,M,SHS,Atl,St._Helena_Sound,2012,AUG,32.44647,-80.37242,NA,518,582
SC_802,ATL_2-08,02,NA,YOY,M,BLB,Atl,Bulls_Bay,2013,JUN,33.03317,-79.52933,NA,420,472
SC_815,ATL_2-09,02,NA,YOY,M,BLB,Atl,Bulls_Bay,2013,JUN,33.02478,-79.50423,NA,441,496
SC_803,ATL_2-10,02,NA,YOY,M,BLB,Atl,Bulls_Bay,2013,JUN,33.03317,-79.52933,NA,418,470
SC_807,ATL_2-11,02,NA,YOY,M,BLB,Atl,Bulls_Bay,2013,JUN,33.03317,-79.52933,NA,440,494
SC_809,ATL_2-12,02,NA,YOY,F,BLB,Atl,Bulls_Bay,2013,JUN,33.02478,-79.50423,NA,482,542
SC_810,ATL_2-13,02,NA,YOY,F,BLB,Atl,Bulls_Bay,2013,JUN,33.02478,-79.50423,NA,449,504
SC_811,ATL_2-14,02,NA,YOY,M,BLB,Atl,Bulls_Bay,2013,JUN,33.02478,-79.50423,NA,463,520
SC_812,ATL_2-15,02,NA,YOY,F,BLB,Atl,Bulls_Bay,2013,JUN,33.02478,-79.50423,NA,452,508
SC_817,ATL_2-16,02,NA,YOY,M,BLB,Atl,Bulls_Bay,2013,JUN,33.02478,-79.50423,NA,423,475
SC_841,ATL_2-17,02,NA,YOY,F,BLB,Atl,Bulls_Bay,2013,JUN,33.0095,-79.48533,NA,474,532
SC_830,ATL_2-18,02,NA,YOY,F,BLB,Atl,Bulls_Bay,2013,JUN,33.0095,-79.48533,NA,460,517
SC_832,ATL_2-19,02,NA,YOY,M,BLB,Atl,Bulls_Bay,2013,JUN,33.0095,-79.48533,NA,438,492
SC_840,ATL_2-20,02,NA,YOY,M,BLB,Atl,Bulls_Bay,2013,JUN,33.0095,-79.48533,NA,440,495
SC_864,ATL_2-21,02,NA,YOY,F,BLB,Atl,Bulls_Bay,2013,JUN,33.03317,-79.52933,NA,454,510
SC_848,ATL_2-22,02,NA,YOY,M,BLB,Atl,Bulls_Bay,2013,JUN,33.0095,-79.48533,NA,458,515
SC_850,ATL_2-23,02,NA,YOY,M,BLB,Atl,Bulls_Bay,2013,JUN,33.0095,-79.48533,NA,397,446
SC_852,ATL_2-24,02,NA,YOY,M,BLB,Atl,Bulls_Bay,2013,JUN,33.0095,-79.48533,NA,447,502
SC_855,ATL_2-25,02,NA,YOY,F,BLB,Atl,Bulls_Bay,2013,JUN,33.0095,-79.48533,NA,428,481
SC_866,ATL_2-26,02,NA,YOY,M,BLB,Atl,Bulls_Bay,2013,JUN,33.0095,-79.48533,NA,427,480
SC_800,ATL_2-27,02,NA,YOY,F,BLB,Atl,Bulls_Bay,2013,JUN,33.03317,-79.52933,NA,462,519
SC_671,ATL_2-28,02,NA,YOY,F,SHS,Atl,St._Helena_Sound,2012,AUG,32.50382,-80.5359,NA,512,575
SC_867,ATL_2-29,02,NA,YOY,M,BLB,Atl,Bulls_Bay,2013,JUN,33.0095,-79.48533,NA,420,472
SC_869,ATL_2-30,02,NA,YOY,M,BLB,Atl,Bulls_Bay,2013,JUN,33.0095,-79.48533,NA,405,455
SC_870,ATL_2-31,02,NA,YOY,F,BLB,Atl,Bulls_Bay,2013,JUN,33.0095,-79.48533,NA,475,534
SC_871,ATL_2-32,02,NA,YOY,F,BLB,Atl,Bulls_Bay,2013,JUN,33.0095,-79.48533,NA,480,539
SC_787,ATL_2-33,02,NA,YOY,M,SHS,Atl,St._Helena_Sound,2013,JUN,32.50048,-80.54033,NA,406,456
SC_682,ATL_2-34,02,NA,YOY,F,SHS,Atl,St._Helena_Sound,2012,AUG,32.44647,-80.37242,NA,530,595
SC_674,ATL_2-35,02,NA,YOY,F,SHS,Atl,St._Helena_Sound,2012,AUG,32.45648,-80.49908,NA,516,580
SC_660,ATL_2-36,02,NA,YOY,F,SHS,Atl,St._Helena_Sound,2012,AUG,32.50048,-80.54033,NA,515,578
SC_799,ATL_2-37,02,NA,YOY,M,BLB,Atl,Bulls_Bay,2013,JUN,33.03317,-79.52933,NA,456,512
SC_673,ATL_2-38,02,NA,YOY,F,SHS,Atl,St._Helena_Sound,2012,AUG,32.46277,-80.45365,NA,544,611
SC_683,ATL_2-39,02,NA,YOY,M,SHS,Atl,St._Helena_Sound,2012,AUG,32.41042,-80.37648,NA,507,570
SC_664,ATL_2-40,02,NA,YOY,F,PRS,Atl,Port_Royal_Sound,2012,AUG,32.34215,-80.76567,NA,508,571
SC_670,ATL_2-41,02,NA,YOY,F,SHS,Atl,St._Helena_Sound,2012,AUG,32.50127,-80.52822,NA,491,552
SC_677,ATL_2-42,02,NA,YOY,F,SHS,Atl,St._Helena_Sound,2012,AUG,32.45648,-80.49908,NA,503,565
SC_661,ATL_2-49,02,NA,YOY,F,PRS,Atl,Port_Royal_Sound,2012,AUG,32.30055,-80.70873,NA,557,626
SC_727,ATL_2-50,02,NA,YOY,F,PRS,Atl,Port_Royal_Sound,2012,OCT,32.15793,-80.58978,NA,556,624
SC_659,ATL_2-51,02,NA,YOY,M,SHS,Atl,St._Helena_Sound,2012,AUG,32.50048,-80.54033,NA,547,614
SC_680,ATL_2-52,02,NA,YOY,M,SHS,Atl,St._Helena_Sound,2012,AUG,32.3992,-80.36107,NA,546,613
SC_678,ATL_2-53,02,NA,YOY,F,SHS,Atl,St._Helena_Sound,2012,AUG,32.42867,-80.3802,NA,544,611
SC_665,ATL_2-54,02,NA,YOY,F,PRS,Atl,Port_Royal_Sound,2012,AUG,32.27792,-80.7233,NA,543,610
SC_676,ATL_2-55,02,NA,YOY,M,SHS,Atl,St._Helena_Sound,2012,AUG,32.45648,-80.49908,NA,541,608
SC_675,ATL_2-56,02,NA,YOY,M,SHS,Atl,St._Helena_Sound,2012,AUG,32.45648,-80.49908,NA,539,605
SC_806,ATL_2-57,02,NA,YOY,M,BLB,Atl,Bulls_Bay,2013,JUN,33.03317,-79.52933,NA,526,591
SC_831,ATL_2-58,02,NA,YOY,F,BLB,Atl,Bulls_Bay,2013,JUN,33.0095,-79.48533,NA,525,590
SC_783,ATL_2-61,02,NA,YOY,F,BLB,Atl,Bulls_Bay,2013,MAY,33.0095,-79.48533,NA,472,530
SC_814,ATL_3-01,03,NA,YOY,F,BLB,Atl,Bulls_Bay,2013,JUN,33.02478,-79.50423,NA,457,514
SC_844,ATL_3-02,03,NA,YOY,M,BLB,Atl,Bulls_Bay,2013,JUN,33.0095,-79.48533,NA,447,502
SC_847,ATL_3-03,03,NA,YOY,M,BLB,Atl,Bulls_Bay,2013,JUN,33.0095,-79.48533,NA,449,505
SC_1540,ATL_3-39,03,NA,YOY,M,PRS,Atl,Port_Royal_Sound,2014,SEP,32.24543,-80.64273,492,542,608
SC_1562,ATL_3-43,03,NA,YOY,M,PRS,Atl,Port_Royal_Sound,2014,SEP,32.14618,-80.58158,486,547,613
SC_1564,ATL_3-44,03,NA,YOY,F,PRS,Atl,Port_Royal_Sound,2014,SEP,32.12818,-80.59887,435,485,544
SC_662,ATL_4-02,04,NA,YOY,F,PRS,Atl,Port_Royal_Sound,2012,AUG,32.34215,-80.76567,NA,516,580
SC_1373,ATL_4-04,04,NA,YOY,F,BLB,Atl,Bulls_Bay,2014,JUL,33.03511,-79.54564,437,489,548
SC_1382,ATL_4-05,04,NA,YOY,M,BLB,Atl,Bulls_Bay,2014,JUL,33.03511,-79.54564,399,440,493
SC_1383,ATL_4-06,04,NA,YOY,F,BLB,Atl,Bulls_Bay,2014,JUL,33.0095,-79.48533,429,473,530
SC_1386,ATL_4-07,04,NA,YOY,F,BLB,Atl,Bulls_Bay,2014,JUL,33.0095,-79.48533,484,540,605
SC_1403,ATL_4-08,04,NA,YOY,F,BLB,Atl,Bulls_Bay,2014,JUL,33.0095,-79.48533,452,498,558
SC_1405,ATL_4-09,04,NA,YOY,M,BLB,Atl,Bulls_Bay,2014,JUL,33.0095,-79.48533,440,485,544
SC_1408,ATL_4-10,04,NA,YOY,F,BLB,Atl,Bulls_Bay,2014,JUL,33.0095,-79.48533,454,505,566
SC_1565,ATL_4-12,04,NA,YOY,F,PRS,Atl,Port_Royal_Sound,2014,SEP,32.12818,-80.59887,487,545,611
SC_1039,ATL_5-02,05,NA,YOY,F,SHS,Atl,St._Helena_Sound,2013,SEP,32.44173,-80.39292,492,542,608
SC_1040,ATL_5-03,05,NA,YOY,F,SHS,Atl,St._Helena_Sound,2013,SEP,32.4389,-80.40108,506,557,624
SC_1041,ATL_5-04,05,NA,YOY,F,SHS,Atl,St._Helena_Sound,2013,SEP,32.4389,-80.40108,527,580,650
SC_1044,ATL_5-05,05,NA,YOY,F,SHS,Atl,St._Helena_Sound,2013,SEP,32.44488,-80.40445,495,545,611
SC_1046,ATL_5-07,05,NA,YOY,F,SHS,Atl,St._Helena_Sound,2013,SEP,32.45493,-80.39465,534,588,659
SC_661,ATL_5-08,05,NA,YOY,F,PRS,Atl,Port_Royal_Sound,2012,AUG,32.30055,-80.70873,NA,557,626
SC_1408,ATL_5-09,05,NA,YOY,F,BLB,Atl,Bulls_Bay,2014,JUL,33.0095,-79.48533,454,505,566
FL_1770_2,ATL_6-01,06,YOY,YOY,M,FBC,Atl,Fancy_Bluff_Creek,2017,AUG,30.93072,-81.44943,495,550,617
FL_1586_1,ATL_6-02,06,YOY,YOY,M,FBC,Atl,Fancy_Bluff_Creek,2017,MAY,31.11292,-81.46945,430,480,538
FL_1360_3,ATL_6-04,06,YOY,YOY,F,FBC,Atl,Fancy_Bluff_Creek,2016,JUN,31.06935,-81.52953,470,530,594
FL_1333_3,ATL_6-05,06,YOY,YOY,M,FBC,Atl,Fancy_Bluff_Creek,2016,MAY,31.15952,-81.44672,500,550,617
FL_1415-A_3,ATL_6-06,06,YOY,YOY,M,FBC,Atl,Fancy_Bluff_Creek,2016,JUL,30.96458,-81.50385,480,540,605
FL_1357_2,ATL_6-07,06,YOY,YOY,F,FBC,Atl,Fancy_Bluff_Creek,2016,JUN,30.97357,-81.42097,450,495,555
FL_1359_1,ATL_6-08,06,YOY,YOY,M,FBC,Atl,Fancy_Bluff_Creek,2016,JUN,30.96313,-81.50215,445,495,555
FL_1424_2,ATL_6-09,06,YOY,YOY,M,FBC,Atl,Fancy_Bluff_Creek,2016,JUL,31.15362,-81.44572,460,510,572
FL_1365_1,ATL_6-10,06,YOY,YOY,F,FBC,Atl,Fancy_Bluff_Creek,2016,JUN,31.10103,-81.43045,470,520,583
FL_1415-A_3,ATL_6-11,06,YOY,YOY,M,FBC,Atl,Fancy_Bluff_Creek,2016,JUL,30.96458,-81.50385,480,540,605
SC_1200,ATL_6-27,06,YOY,YOY,M,BLB,Atl,Bulls_Bay,2014,MAY,33.0095,-79.48533,436,480,538
SC_1879,ATL_6-28,06,YOY,YOY,F,BLB,Atl,Bulls_Bay,2015,JUL,33.03511,-79.54564,449,495,555
SC_1878,ATL_6-29,06,YOY,YOY,F,BLB,Atl,Bulls_Bay,2015,JUL,33.03511,-79.54564,426,469,526
SC_1876,ATL_6-30,06,YOY,YOY,F,BLB,Atl,Bulls_Bay,2015,JUL,33.03511,-79.54564,448,494,554
SC_1293,ATL_6-31,06,YOY,YOY,F,SHS,Atl,St._Helena_Sound,2014,JUN,32.48233,-80.48133,446,491,551
SC_1292,ATL_6-32,06,YOY,YOY,M,SHS,Atl,St._Helena_Sound,2014,JUN,32.48233,-80.48133,477,526,590
SC_1288,ATL_6-33,06,YOY,YOY,M,SHS,Atl,St._Helena_Sound,2014,JUN,32.48233,-80.48133,534,588,659
SC_1875,ATL_6-34,06,YOY,YOY,F,SHS,Atl,St._Helena_Sound,2015,JUL,32.48233,-80.48133,508,560,628
SC_1028,ATL_6-35,06,NA,YOY,F,SHS,Atl,St._Helena_Sound,2013,SEP,32.45648,-80.49908,525,578,648
SC_1029,ATL_6-36,06,NA,YOY,F,SHS,Atl,St._Helena_Sound,2013,SEP,32.45648,-80.49908,514,566,635
SC_922,ATL_6-37,06,YOY,YOY,F,SHS,Atl,St._Helena_Sound,2013,JUL,32.50048,-80.54033,517,569,638
SC_1906,ATL_6-38,06,NA,YOY,F,PRS,Atl,Port_Royal_Sound,2015,AUG,32.25362,-80.6303,528,582,652
SC_1266,ATL_6-39,06,YOY,YOY,M,PRS,Atl,Port_Royal_Sound,2014,JUN,32.2278,-80.64022,435,479,537
SC_1905,ATL_6-40,06,NA,YOY,F,PRS,Atl,Port_Royal_Sound,2015,AUG,32.25362,-80.6303,508,560,628
SC_804,ATL_6-41,06,NA,YOY,F,BLB,Atl,Bulls_Bay,2013,JUN,33.03317,-79.52933,NA,457,514
SC_1281,ATL_6-42,06,YOY,YOY,M,BLB,Atl,Bulls_Bay,2014,JUN,33.03511,-79.54564,461,508,570
SC_729,ATL_6-43,06,NA,YOY,M,SHS,Atl,St._Helena_Sound,2012,OCT,32.50048,-80.54033,NA,548,615
SC_813,ATL_6-44,06,NA,YOY,M,BLB,Atl,Bulls_Bay,2013,JUN,33.02478,-79.50423,NA,485,545
SC_816,ATL_6-45,06,NA,YOY,M,BLB,Atl,Bulls_Bay,2013,JUN,33.02478,-79.50423,NA,442,497
SC_1845,ATL_6-46,06,YOY,YOY,M,BLB,Atl,Bulls_Bay,2015,JUN,33.03511,-79.54564,463,510,572
SC_1770,ATL_6-47,06,YOY,YOY,M,BLB,Atl,Bulls_Bay,2015,MAY,33.0095,-79.48533,457,504,565
SC_1844,ATL_6-48,06,YOY,YOY,F,BLB,Atl,Bulls_Bay,2015,JUN,33.03511,-79.54564,481,530,594
SC_1850,ATL_6-49,06,YOY,YOY,M,BLB,Atl,Bulls_Bay,2015,JUN,33.03511,-79.54564,431,475,533
SC_923,ATL_6-50,06,YOY,YOY,F,SHS,Atl,St._Helena_Sound,2013,JUL,32.50048,-80.54033,454,500,561
SC_1028,ATL_6-51,06,NA,YOY,F,SHS,Atl,St._Helena_Sound,2013,SEP,32.45648,-80.49908,525,578,648
SC_1910,ATL_7-52,07,NA,YOY,F,SHS,Atl,St._Helena_Sound,2015,AUG,32.49225,-80.48527,502,553,620
SC_1910,ATL_7-53,07,NA,YOY,F,SHS,Atl,St._Helena_Sound,2015,AUG,32.49225,-80.48527,502,553,620
SC_1907,ATL_7-54,07,NA,YOY,F,SHS,Atl,St._Helena_Sound,2015,AUG,32.50132,-80.49683,483,532,596
SC_1912,ATL_7-55,07,NA,YOY,M,SHS,Atl,St._Helena_Sound,2015,AUG,32.39172,-80.35647,508,560,628
SC_1913,ATL_7-56,07,NA,YOY,M,SHS,Atl,St._Helena_Sound,2015,AUG,32.38105,-80.3536,495,559,627
SC_1291,ATL_7-57,07,NA,YOY,UND,SHS,Atl,St._Helena_Sound,2014,JUN,32.48233,-80.48133,453,499,560
SC_1872,ATL_7-58,07,NA,YOY,M,SHS,Atl,St._Helena_Sound,2015,JUL,32.48233,-80.48133,495,545,611
SC_1874,ATL_7-59,07,NA,YOY,M,SHS,Atl,St._Helena_Sound,2015,JUL,32.48233,-80.48133,537,591,663
SC_1918,ATL_7-60,07,NA,YOY,F,SHS,Atl,St._Helena_Sound,2015,AUG,32.44752,-80.3852,490,540,605
SC_1917,ATL_7-61,07,NA,YOY,F,SHS,Atl,St._Helena_Sound,2015,AUG,32.45493,-80.39465,519,572,641
FL_1928_1,ATL_9-01,09,YOY,YOY,F,FBC,Atl,Fancy_Bluff_Creek,2018,MAY,30.92585,-81.45455,400,440,493
FL_2063_1,ATL_9-05,09,YOY,YOY,F,FBC,Atl,Fancy_Bluff_Creek,2018,JUL,31.23455,-81.32617,NA,561,630
FL_2106_3,ATL_9-08,09,YOY,YOY,M,FBC,Atl,Fancy_Bluff_Creek,2018,AUG,31.09518,-81.46108,430,470,527
FL_2064_1,ATL_9-10,09,YOY,YOY,UND,FBC,Atl,Fancy_Bluff_Creek,2018,JUL,31.23455,-81.32617,NA,588,660
FL_1931_1,ATL_9-14,09,YOY,YOY,M,FBC,Atl,Fancy_Bluff_Creek,2018,MAY,31.09928,-81.46078,450,510,572
FL_2064_3,ATL_9-18,09,YOY,YOY,UND,FBC,Atl,Fancy_Bluff_Creek,2018,JUL,31.23455,-81.32617,NA,615,690
GN_023201801009,EGM_10-01,10,YOY,YOY,M,APB,EGoM,Apalachicola_Bay,2018,MAY,29.66847,-85.22132,620,690,773
AB-18-111,EGM_10-02,10,YOY,YOY,M,APB,EGoM,Apalachicola_Bay,2018,JUL,29.65876,-84.96178,460,520,650
AB-18-109,EGM_10-03,10,YOY,YOY,M,APB,EGoM,Apalachicola_Bay,2018,JUL,29.65876,-84.96178,460,510,650
AB-18-113,EGM_10-04,10,YOY,YOY,M,APB,EGoM,Apalachicola_Bay,2018,JUL,29.65876,-84.96178,470,520,640
AB-18-110,EGM_10-05,10,YOY,YOY,F,APB,EGoM,Apalachicola_Bay,2018,JUL,29.65876,-84.96178,470,520,650
AB-18-112,EGM_10-06,10,YOY,YOY,M,APB,EGoM,Apalachicola_Bay,2018,JUL,29.65876,-84.96178,470,520,660
AB-18-114,EGM_10-07,10,YOY,YOY,M,APB,EGoM,Apalachicola_Bay,2018,JUL,29.65876,-84.96178,450,530,630
AB-18-074,EGM_10-08,10,YOY,YOY,F,APB,EGoM,Apalachicola_Bay,2018,JUL,29.64923,-85.03885,450,510,610
AB-18-124,EGM_10-09,10,YOY,YOY,F,APB,EGoM,Apalachicola_Bay,2018,JUL,29.65876,-84.96178,460,510,640
AB-18-119,EGM_10-11,10,YOY,YOY,M,APB,EGoM,Apalachicola_Bay,2018,JUL,29.65876,-84.96178,440,490,610
AB-18-128,EGM_10-12,10,YOY,YOY,F,APB,EGoM,Apalachicola_Bay,2018,JUL,29.65189,-84.96194,450,500,630
AB-18-126,EGM_10-13,10,YOY,YOY,F,APB,EGoM,Apalachicola_Bay,2018,JUL,29.65189,-84.96194,470,560,620
AB-18-107,EGM_10-14,10,YOY,YOY,M,APB,EGoM,Apalachicola_Bay,2018,JUL,29.65876,-84.96178,460,510,645
AB-18-118,EGM_10-15,10,YOY,YOY,F,APB,EGoM,Apalachicola_Bay,2018,JUL,29.65876,-84.96178,440,510,610
2019-0613-01-02,EGM_10-33,10,YOY,YOY,F,TCB,EGoM,Terra_Ceia_Bay,2019,JUN,27.55905,-82.57105,430,480,600
2019-0613-01-04,EGM_10-34,10,YOY,YOY,M,TCB,EGoM,Terra_Ceia_Bay,2019,JUN,27.55905,-82.57105,440,490,600
2019-0613-01-03,EGM_10-35,10,YOY,YOY,M,TCB,EGoM,Terra_Ceia_Bay,2019,JUN,27.55905,-82.57105,440,480,600
AD_052312BL02016,EGM_1-04,01,YOY,YOY,M,MOB,EGoM,Mobile_Bay,2012,MAY,30.29029,-87.99451,710,790,790
AD_052312BL02017,EGM_1-05,01,YOY,YOY,F,MOB,EGoM,Mobile_Bay,2012,MAY,30.29029,-87.99451,600,670,670
AD051719BL01019,EGM_10-52,10,YOY,YOY,F,MOB,EGoM,Mobile_Bay,2019,MAY,30.24768,-87.98133,580,640,775
AD051719BL01028,EGM_10-53,10,YOY,YOY,F,MOB,EGoM,Mobile_Bay,2019,MAY,30.24768,-87.98133,595,655,797
AD061019BL01036,EGM_10-54,10,YOY,YOY,M,MOB,EGoM,Mobile_Bay,2019,JUN,30.2622,-87.99535,450,505,615
CA051519GN01001,EGM_10-57,10,YOY,YOY,F,MOB,EGoM,Mobile_Bay,2019,MAY,30.2455,-87.78915,425,470,560
2019-1014-05-08,EGM_10-61,10,YOY,YOY,F,TCB,EGoM,Terra_Ceia_Bay,2019,OCT,27.56278,-82.57894,530,600,700
2019-1014-05-07,EGM_10-62,10,YOY,YOY,M,TCB,EGoM,Terra_Ceia_Bay,2019,OCT,27.56278,-82.57894,530,590,740
2019-1014-05-06,EGM_10-63,10,YOY,YOY,F,TCB,EGoM,Terra_Ceia_Bay,2019,OCT,27.56278,-82.57894,530,590,720
2019-1014-05-05,EGM_10-64,10,YOY,YOY,F,TCB,EGoM,Terra_Ceia_Bay,2019,OCT,27.56278,-82.57894,540,600,740
2019-1014-05-01,EGM_10-65,10,YOY,YOY,M,TCB,EGoM,Terra_Ceia_Bay,2019,OCT,27.56278,-82.57894,540,600,710
2019-0624-05-02,EGM_10-66,10,YOY,YOY,F,TCB,EGoM,Terra_Ceia_Bay,2019,JUN,27.56847,-82.56835,460,510,620
2019-0624-06-03,EGM_10-67,10,YOY,YOY,M,TCB,EGoM,Terra_Ceia_Bay,2019,JUN,27.57201,-82.56354,430,480,580
2019-0624-07-03,EGM_10-69,10,YOY,YOY,M,TCB,EGoM,Terra_Ceia_Bay,2019,JUN,27.56019,-82.5855,420,480,590
2019-0624-07-02,EGM_10-70,10,YOY,YOY,M,TCB,EGoM,Terra_Ceia_Bay,2019,JUN,27.56019,-82.5855,450,500,610
2019-0624-07-04,EGM_10-71,10,YOY,YOY,F,TCB,EGoM,Terra_Ceia_Bay,2019,JUN,27.56019,-82.5855,470,530,660
2019-0703-03-01,EGM_10-72,10,YOY,YOY,M,TCB,EGoM,Terra_Ceia_Bay,2019,JUL,27.53405,-82.60208,450,500,600
2019-0606-02-04,EGM_10-73,10,YOY,YOY,F,TCB,EGoM,Terra_Ceia_Bay,2019,JUN,27.55894,-82.5711,460,520,610
2019-0606-02-03,EGM_10-74,10,YOY,YOY,F,TCB,EGoM,Terra_Ceia_Bay,2019,JUN,27.55894,-82.5711,430,470,580
2019-0606-04-01,EGM_10-75,10,YOY,YOY,M,TCB,EGoM,Terra_Ceia_Bay,2019,JUN,27.55898,-82.57104,420,470,570
BB-16-472,EGM_10-76,10,YOY,YOY,M,WAB,EGoM,Waccasassa_Bay,2016,AUG,29.06584,-82.88589,470,525,670
BB-16-465,EGM_10-77,10,YOY,YOY,M,WAB,EGoM,Waccasassa_Bay,2016,AUG,29.06528,-82.87471,440,490,620
BB-16-489,EGM_10-79,10,YOY,YOY,M,WAB,EGoM,Waccasassa_Bay,2016,AUG,28.99463,-82.82993,440,490,520
BB-16-490,EGM_10-80,10,YOY,YOY,M,WAB,EGoM,Waccasassa_Bay,2016,AUG,28.99463,-82.82993,480,540,570
BB-16-469,EGM_10-81,10,YOY,YOY,M,WAB,EGoM,Waccasassa_Bay,2016,AUG,29.06584,-82.88589,470,520,650
BB-16-479,EGM_10-82,10,YOY,YOY,F,WAB,EGoM,Waccasassa_Bay,2016,AUG,29.06584,-82.88589,460,515,650
BB-16-485,EGM_10-83,10,YOY,YOY,M,WAB,EGoM,Waccasassa_Bay,2016,AUG,28.99463,-82.82993,470,520,640
BB-16-471,EGM_10-84,10,YOY,YOY,F,WAB,EGoM,Waccasassa_Bay,2016,AUG,29.06584,-82.88589,500,550,690
BB-16-474,EGM_10-85,10,YOY,YOY,M,WAB,EGoM,Waccasassa_Bay,2016,AUG,29.06584,-82.88589,500,550,690
BB-16-478,EGM_10-86,10,YOY,YOY,M,WAB,EGoM,Waccasassa_Bay,2016,AUG,29.06584,-82.88589,460,510,650
BB-16-488,EGM_10-87,10,YOY,YOY,F,WAB,EGoM,Waccasassa_Bay,2016,AUG,28.99463,-82.82993,510,570,720
BB-16-486,EGM_10-88,10,YOY,YOY,M,WAB,EGoM,Waccasassa_Bay,2016,AUG,28.99463,-82.82993,470,520,650
BB-16-487,EGM_10-89,10,YOY,YOY,M,WAB,EGoM,Waccasassa_Bay,2016,AUG,28.99463,-82.82993,470,530,660
BB-16-470,EGM_10-90,10,YOY,YOY,M,WAB,EGoM,Waccasassa_Bay,2016,AUG,29.06584,-82.88589,470,525,670
BB-16-462,EGM_10-91,10,YOY,YOY,F,WAB,EGoM,Waccasassa_Bay,2016,AUG,29.06528,-82.87471,500,550,690
AD_052312BL02036,EGM_1-10,01,YOY,YOY,F,MOB,EGoM,Mobile_Bay,2012,MAY,30.29029,-87.99451,705,787,787
GN_023201801009,EGM_11-05,11,YOY,YOY,M,APB,EGoM,Apalachicola_Bay,2018,MAY,29.66847,-85.22132,620,690,773
2019-1014-05-08,EGM_11-07,11,YOY,YOY,F,TCB,EGoM,Terra_Ceia_Bay,2019,OCT,27.56278,-82.57894,530,600,700
2019-0624-07-05,EGM_11-08,11,YOY,YOY,M,TCB,EGoM,Terra_Ceia_Bay,2019,JUN,27.56019,-82.5855,430,480,580
AB-18-111,EGM_11-10,11,YOY,YOY,M,APB,EGoM,Apalachicola_Bay,2018,JUL,29.65876,-84.96178,460,520,650
AB-18-119,EGM_11-13,11,YOY,YOY,M,APB,EGoM,Apalachicola_Bay,2018,JUL,29.65876,-84.96178,440,490,610
2018-1127-02-01,EGM_11-19,11,YOY,YOY,F,TCB,EGoM,Terra_Ceia_Bay,2018,NOV,27.55365,-82.59515,560,630,760
2019-1014-08-03,EGM_11-20,11,YOY,YOY,M,TCB,EGoM,Terra_Ceia_Bay,2019,OCT,27.5304,-82.60235,520,590,710
JG_726,EGM_11-22,11,YOY,YOY,F,TCB,EGoM,Terra_Ceia_Bay,2017,JUL,27.567,-82.57458,440,490,610
JG_725,EGM_11-23,11,YOY,YOY,M,TCB,EGoM,Terra_Ceia_Bay,2017,JUL,27.567,-82.57458,440,490,600
JG_724,EGM_11-24,11,YOY,YOY,F,TCB,EGoM,Terra_Ceia_Bay,2017,JUL,27.567,-82.57458,420,460,570
JG_723,EGM_11-25,11,YOY,YOY,M,TCB,EGoM,Terra_Ceia_Bay,2017,JUL,27.567,-82.57458,440,480,610
JG_722,EGM_11-26,11,YOY,YOY,F,TCB,EGoM,Terra_Ceia_Bay,2017,JUL,27.567,-82.57458,570,630,770
JG_721,EGM_11-27,11,YOY,YOY,F,TCB,EGoM,Terra_Ceia_Bay,2017,JUL,27.56597,-82.56822,440,480,570
JG_694,EGM_11-28,11,YOY,YOY,F,TCB,EGoM,Terra_Ceia_Bay,2017,JUN,27.5655,-82.56757,430,490,590
JG_693,EGM_11-29,11,YOY,YOY,M,TCB,EGoM,Terra_Ceia_Bay,2017,JUN,27.5655,-82.56757,420,470,560
JG_692,EGM_11-30,11,YOY,YOY,M,TCB,EGoM,Terra_Ceia_Bay,2017,JUN,27.56653,-82.56794,430,470,550
JG_691,EGM_11-31,11,YOY,YOY,M,TCB,EGoM,Terra_Ceia_Bay,2017,JUN,27.57434,-82.56835,420,460,560
JG_5265,EGM_11-32,11,YOY,YOY,M,TCB,EGoM,Terra_Ceia_Bay,2017,MAY,27.55885,-82.57265,430,480,570
JG_5264,EGM_11-33,11,YOY,YOY,M,TCB,EGoM,Terra_Ceia_Bay,2017,MAY,27.55885,-82.57265,440,490,580
JG_5263,EGM_11-34,11,YOY,YOY,M,TCB,EGoM,Terra_Ceia_Bay,2017,MAY,27.55885,-82.57265,400,450,550
JG_5262,EGM_11-35,11,YOY,YOY,M,TCB,EGoM,Terra_Ceia_Bay,2017,MAY,27.55885,-82.57265,390,440,540
JG_5261,EGM_11-36,11,YOY,YOY,F,TCB,EGoM,Terra_Ceia_Bay,2017,MAY,27.55885,-82.57265,410,460,550
JG_7090525,EGM_11-37,11,YOY,YOY,M,TCB,EGoM,Terra_Ceia_Bay,2018,JUL,27.54906,-82.58159,460,520,640
JG_7090520,EGM_11-38,11,YOY,YOY,M,TCB,EGoM,Terra_Ceia_Bay,2018,JUL,27.54906,-82.58159,460,520,630
JG_10010702,EGM_11-42,11,YOY,YOY,M,TCB,EGoM,Terra_Ceia_Bay,2018,OCT,27.55774,-82.58853,510,570,670
JG_10010701,EGM_11-43,11,YOY,YOY,M,TCB,EGoM,Terra_Ceia_Bay,2018,OCT,27.55774,-82.58853,490,540,630
JG_5233,EGM_11-44,11,YOY,YOY,F,TCB,EGoM,Terra_Ceia_Bay,2018,MAY,27.5611,-82.5714,440,490,590
AD_101613BL03022,EGM_1-30,01,YOY,YOY,M,MOB,EGoM,Mobile_Bay,2013,OCT,30.28669,-88.17136,523,585,656
CQ_051512GN4015,EGM_1-32,01,YOY,YOY,F,MOB,EGoM,Mobile_Bay,2012,MAY,30.41272,-88.33042,720,800,800
GN_017201301007,EGM_1-36,01,YOY,YOY,F,APB,EGoM,Apalachicola_Bay,2013,APR,29.6573,-85.18136,545,610,684
GN_017201301008,EGM_1-37,01,YOY,YOY,F,APB,EGoM,Apalachicola_Bay,2013,APR,29.6573,-85.18136,550,615,689
GN_017201301010,EGM_1-38,01,YOY,YOY,F,APB,EGoM,Apalachicola_Bay,2013,APR,29.6573,-85.18136,570,620,695
GN_017201301011,EGM_1-39,01,YOY,YOY,F,APB,EGoM,Apalachicola_Bay,2013,APR,29.6573,-85.18136,560,620,695
GN_029201401007,EGM_1-40,01,YOY,YOY,F,APB,EGoM,Apalachicola_Bay,2014,JUL,29.63772,-85.18527,460,505,566
GN_017201301014,EGM_1-41,01,YOY,YOY,F,APB,EGoM,Apalachicola_Bay,2013,APR,29.6573,-85.18136,530,590,661
GN_018201301001,EGM_1-42,01,YOY,YOY,M,APB,EGoM,Apalachicola_Bay,2013,MAY,29.64525,-85.18441,550,615,689
GN_018201301002,EGM_1-44,01,YOY,YOY,M,APB,EGoM,Apalachicola_Bay,2013,MAY,29.64525,-85.18441,560,620,695
GN_017201301001,EGM_1-45,01,YOY,YOY,F,APB,EGoM,Apalachicola_Bay,2013,APR,29.6573,-85.18136,570,635,712
GN_017201301002,EGM_1-46,01,YOY,YOY,F,APB,EGoM,Apalachicola_Bay,2013,APR,29.6573,-85.18136,585,650,729
GN_017201301006,EGM_1-47,01,YOY,YOY,F,APB,EGoM,Apalachicola_Bay,2013,APR,29.6573,-85.18136,560,620,695
GN_006201401019,EGM_1-49,01,YOY,YOY,M,APB,EGoM,Apalachicola_Bay,2014,MAY,29.63453,-85.16574,535,595,667
GN_021201401028,EGM_1-64,01,YOY,YOY,F,APB,EGoM,Apalachicola_Bay,2014,JUN,29.66968,-85.21169,545,605,678
AD_052312BL02038,EGM_2-10,02,YOY,YOY,M,MOB,EGoM,Mobile_Bay,2012,MAY,30.29029,-87.99451,679,757,757
AD_052312BL02011,EGM_2-12,02,YOY,YOY,M,MOB,EGoM,Mobile_Bay,2012,MAY,30.29029,-87.99451,710,785,785
AD_052312BL02012,EGM_2-13,02,YOY,YOY,M,MOB,EGoM,Mobile_Bay,2012,MAY,30.29029,-87.99451,709,790,790
AD_072413BL02058,EGM_2-16,02,NA,YOY,F,MOB,EGoM,Mobile_Bay,2013,JUL,30.24216,-88.334,635,705,790
AD_072413BL02054,EGM_2-17,02,YOY,YOY,M,MOB,EGoM,Mobile_Bay,2013,JUL,30.24216,-88.334,620,681,763
AD_061312BL01022,EGM_2-18,02,YOY,YOY,F,MOB,EGoM,Mobile_Bay,2012,JUN,30.25262,-88.33157,640,715,801
GN_029201401014,EGM_2-32,02,YOY,YOY,F,APB,EGoM,Apalachicola_Bay,2014,AUG,29.63772,-85.18527,390,435,488
GN_007201401019,EGM_2-33,02,YOY,YOY,F,APB,EGoM,Apalachicola_Bay,2014,MAY,29.65305,-85.17549,505,560,628
GN_021201401026,EGM_2-34,02,YOY,YOY,M,APB,EGoM,Apalachicola_Bay,2014,JUN,29.66968,-85.21169,540,600,673
GN_021201401028,EGM_2-35,02,YOY,YOY,F,APB,EGoM,Apalachicola_Bay,2014,JUN,29.66968,-85.21169,545,605,678
GN_017201301016,EGM_2-39,02,YOY,YOY,F,APB,EGoM,Apalachicola_Bay,2013,MAY,29.6573,-85.18136,570,625,701
GN_033201301012,EGM_2-41,02,YOY,YOY,M,APB,EGoM,Apalachicola_Bay,2013,APR,29.66598,-85.20824,450,510,572
GN_084201401011,EGM_2-48,02,YOY,YOY,F,APB,EGoM,Apalachicola_Bay,2014,OCT,29.66772,-85.20775,480,525,589
GN_017201301005,EGM_2-49,02,YOY,YOY,M,APB,EGoM,Apalachicola_Bay,2013,APR,29.6573,-85.18136,560,630,706
GN_084201401013,EGM_2-50,02,YOY,YOY,F,APB,EGoM,Apalachicola_Bay,2014,OCT,29.66772,-85.20775,440,490,549
GN_070201401017,EGM_2-52,02,YOY,YOY,M,APB,EGoM,Apalachicola_Bay,2014,SEP,29.64921,-85.17651,475,530,594
GN_029201401010,EGM_2-54,02,YOY,YOY,F,APB,EGoM,Apalachicola_Bay,2014,AUG,29.63772,-85.18527,430,480,538
GN_029201401016,EGM_2-55,02,YOY,YOY,F,APB,EGoM,Apalachicola_Bay,2014,AUG,29.63772,-85.18527,440,490,549
GN_006201401004,EGM_2-57,02,YOY,YOY,F,APB,EGoM,Apalachicola_Bay,2014,MAY,29.63453,-85.16574,540,600,673
GN_017201301004,EGM_2-58,02,YOY,YOY,M,APB,EGoM,Apalachicola_Bay,2013,APR,29.6573,-85.18136,560,620,695
WI_072214BL03034,EGM_3-01,03,YOY,YOY,M,MOB,EGoM,Mobile_Bay,2014,JUL,30.29728,-87.99022,585,640,717
GN_033201301014,EGM_3-28,03,YOY,YOY,F,APB,EGoM,Apalachicola_Bay,2013,APR,29.66598,-85.20824,380,415,465
GN_020201501016,EGM_3-33,03,YOY,YOY,F,APB,EGoM,Apalachicola_Bay,2015,OCT,29.65508,-85.2108,560,610,684
GN_064201501005,EGM_3-36,03,YOY,YOY,F,APB,EGoM,Apalachicola_Bay,2015,OCT,29.63538,-85.16218,480,530,594
GN_010201501014,EGM_3-37,03,YOY,YOY,M,APB,EGoM,Apalachicola_Bay,2015,OCT,29.66245,-85.19763,490,540,605
GN_010201501011,EGM_3-38,03,YOY,YOY,F,APB,EGoM,Apalachicola_Bay,2015,OCT,29.66245,-85.19763,520,580,650
GN_010201501009,EGM_3-39,03,YOY,YOY,M,APB,EGoM,Apalachicola_Bay,2015,OCT,29.66245,-85.19763,520,580,650
GN_057201501004,EGM_3-40,03,YOY,YOY,M,APB,EGoM,Apalachicola_Bay,2015,OCT,29.66943,-85.21402,630,695,779
BB-14-454,EGM_3-49,03,YOY,YOY,M,WAB,EGoM,Waccasassa_Bay,2014,JUL,29.01114,-82.79175,380,430,540
BB-14-455,EGM_3-50,03,YOY,YOY,M,WAB,EGoM,Waccasassa_Bay,2014,JUL,29.01114,-82.79175,390,430,550
BB-14-457,EGM_3-51,03,YOY,YOY,F,WAB,EGoM,Waccasassa_Bay,2014,JUL,29.01114,-82.79175,430,480,610
BB-14-460,EGM_3-52,03,YOY,YOY,M,WAB,EGoM,Waccasassa_Bay,2014,JUL,29.01114,-82.79175,410,450,570
BB-14-462,EGM_3-53,03,YOY,YOY,M,WAB,EGoM,Waccasassa_Bay,2014,JUL,29.01616,-82.80125,410,455,570
C_O061416GN02006,EGM_4-03,04,NA,YOY,F,MOB,EGoM,Mobile_Bay,2016,JUN,30.2464,-88.20017,565,628,704
WI_093014BL01005,EGM_4-19,04,NA,YOY,F,MOB,EGoM,Mobile_Bay,2014,SEP,30.23965,-88.34035,659,637,714
GN_006201401005,EGM_4-20,04,YOY,YOY,M,APB,EGoM,Apalachicola_Bay,2014,MAY,29.63453,-85.16574,570,640,717
BB-14-463,EGM_4-21,04,YOY,YOY,M,WAB,EGoM,Waccasassa_Bay,2014,JUL,29.01616,-82.80125,430,485,620
BB-14-464,EGM_4-22,04,YOY,YOY,F,WAB,EGoM,Waccasassa_Bay,2014,JUL,29.01616,-82.80125,420,470,600
BB-14-465,EGM_4-23,04,YOY,YOY,M,WAB,EGoM,Waccasassa_Bay,2014,JUL,29.01616,-82.80125,450,490,620
BB-14-466,EGM_4-24,04,YOY,YOY,F,WAB,EGoM,Waccasassa_Bay,2014,JUL,29.01616,-82.80125,400,440,560
BB-14-467,EGM_4-25,04,YOY,YOY,M,WAB,EGoM,Waccasassa_Bay,2014,JUL,29.01616,-82.80125,470,520,660
BB-14-468,EGM_4-26,04,YOY,YOY,M,WAB,EGoM,Waccasassa_Bay,2014,JUL,29.01616,-82.80125,420,465,590
BB-14-469,EGM_4-27,04,YOY,YOY,F,WAB,EGoM,Waccasassa_Bay,2014,JUL,29.01616,-82.80125,400,440,560
BB-14-470,EGM_4-28,04,YOY,YOY,M,WAB,EGoM,Waccasassa_Bay,2014,JUL,29.01616,-82.80125,410,450,570
BB-14-471,EGM_4-29,04,YOY,YOY,F,WAB,EGoM,Waccasassa_Bay,2014,JUL,29.01616,-82.80125,440,490,620
BB-14-473,EGM_4-30,04,YOY,YOY,F,WAB,EGoM,Waccasassa_Bay,2014,JUL,29.01616,-82.80125,400,440,560
BB-14-474,EGM_4-31,04,YOY,YOY,M,WAB,EGoM,Waccasassa_Bay,2014,JUL,29.01616,-82.80125,460,510,650
BB-14-492,EGM_4-32,04,YOY,YOY,M,WAB,EGoM,Waccasassa_Bay,2014,JUL,29.07375,-82.82462,410,460,580
C_O061416GN01002,EGM_5-13,05,NA,YOY,F,MOB,EGoM,Mobile_Bay,2016,JUN,30.24428,-88.15089,605,660,740
WI_092916BL04006,EGM_5-17,05,YOY,YOY,M,MOB,EGoM,Mobile_Bay,2016,SEP,30.42861,-87.92444,583,645,723
BB-15-425,EGM_5-30,05,YOY,YOY,M,WAB,EGoM,Waccasassa_Bay,2015,AUG,29.10881,-83.05331,470,520,660
BB-15-406,EGM_5-31,05,YOY,YOY,M,WAB,EGoM,Waccasassa_Bay,2015,AUG,29.0122,-82.90031,470,530,665
BB-15-408,EGM_5-39,05,YOY,YOY,M,WAB,EGoM,Waccasassa_Bay,2015,AUG,29.0122,-82.90031,470,520,622
BB-15-437,EGM_5-42,05,YOY,YOY,M,WAB,EGoM,Waccasassa_Bay,2015,AUG,29.10881,-83.05331,510,570,720
C_O061416GN02006,EGM_6-01,06,NA,YOY,F,MOB,EGoM,Mobile_Bay,2016,JUN,30.2464,-88.20017,565,628,704
AD_052312BL02016,EGM_6-05,06,YOY,YOY,M,MOB,EGoM,Mobile_Bay,2012,MAY,30.29029,-87.99451,710,790,790
AD_052312BL02017,EGM_6-06,06,YOY,YOY,F,MOB,EGoM,Mobile_Bay,2012,MAY,30.29029,-87.99451,600,670,670
JG_2016014,EGM_6-13,06,YOY,YOY,F,TCB,EGoM,Terra_Ceia_Bay,2016,JUN,27.56437,-82.5698,430,480,590
JG_2015005,EGM_6-14,06,YOY,YOY,M,TCB,EGoM,Terra_Ceia_Bay,2015,MAY,27.56627,-82.57234,370,410,510
JG_2016006,EGM_6-15,06,YOY,YOY,F,TCB,EGoM,Terra_Ceia_Bay,2016,JUN,27.56631,-82.57346,450,500,610
JG_2016015,EGM_6-16,06,YOY,YOY,M,TCB,EGoM,Terra_Ceia_Bay,2016,JUN,27.5662,-82.57405,450,500,610
JG_2015016,EGM_6-17,06,YOY,YOY,F,TCB,EGoM,Terra_Ceia_Bay,2015,MAY,27.56453,-82.57017,400,440,550
JG_2015017,EGM_6-18,06,YOY,YOY,M,TCB,EGoM,Terra_Ceia_Bay,2015,MAY,27.56453,-82.57017,380,430,530
JG_2015018,EGM_6-19,06,YOY,YOY,F,TCB,EGoM,Terra_Ceia_Bay,2015,MAY,27.56446,-82.57024,430,480,580
JG_2015019,EGM_6-20,06,YOY,YOY,M,TCB,EGoM,Terra_Ceia_Bay,2015,MAY,27.56446,-82.57024,380,420,520
JG_2015020,EGM_6-21,06,YOY,YOY,F,TCB,EGoM,Terra_Ceia_Bay,2015,MAY,27.56446,-82.57024,400,440,540
JG_2015021,EGM_6-22,06,YOY,YOY,F,TCB,EGoM,Terra_Ceia_Bay,2015,MAY,27.56429,-82.57034,390,440,550
JG_2015022,EGM_6-23,06,YOY,YOY,M,TCB,EGoM,Terra_Ceia_Bay,2015,MAY,27.56429,-82.57034,420,470,590
JG_2015023,EGM_6-24,06,YOY,YOY,F,TCB,EGoM,Terra_Ceia_Bay,2015,MAY,27.56429,-82.57034,430,480,590
JG_2016034,EGM_6-25,06,YOY,YOY,M,TCB,EGoM,Terra_Ceia_Bay,2016,JUN,27.56617,-82.57372,470,530,640
JG_2016031,EGM_6-26,06,YOY,YOY,M,TCB,EGoM,Terra_Ceia_Bay,2016,JUN,27.56617,-82.57372,450,490,620
JG_2016032,EGM_6-27,06,YOY,YOY,M,TCB,EGoM,Terra_Ceia_Bay,2016,JUN,27.56617,-82.57372,450,500,620
JG_2016033,EGM_6-28,06,YOY,YOY,F,TCB,EGoM,Terra_Ceia_Bay,2016,JUN,27.56617,-82.57372,420,470,570
JG_2016035,EGM_6-29,06,YOY,YOY,F,TCB,EGoM,Terra_Ceia_Bay,2016,JUN,27.56617,-82.57372,430,480,580
JG_2016005,EGM_6-32,06,YOY,YOY,M,TCB,EGoM,Terra_Ceia_Bay,2016,JUN,27.56631,-82.57346,460,570,630
JG_2015014,EGM_6-33,06,YOY,YOY,M,TCB,EGoM,Terra_Ceia_Bay,2015,MAY,27.56453,-82.57017,420,470,580
JG_2016018,EGM_6-34,06,YOY,YOY,F,TCB,EGoM,Terra_Ceia_Bay,2016,JUN,27.5662,-82.57405,390,430,530
JG_2016026,EGM_6-35,06,YOY,YOY,M,TCB,EGoM,Terra_Ceia_Bay,2016,JUN,27.56617,-82.57372,410,460,560
JG_2016022,EGM_6-36,06,YOY,YOY,F,TCB,EGoM,Terra_Ceia_Bay,2016,JUN,27.5662,-82.57405,490,540,660
JG_2015015,EGM_6-37,06,YOY,YOY,F,TCB,EGoM,Terra_Ceia_Bay,2015,MAY,27.56672,-82.57394,400,440,550
JG_2016027,EGM_6-38,06,YOY,YOY,F,TCB,EGoM,Terra_Ceia_Bay,2016,JUN,27.56617,-82.57372,420,470,570
JG_2016025,EGM_6-39,06,YOY,YOY,F,TCB,EGoM,Terra_Ceia_Bay,2016,JUN,27.56347,-82.57019,420,470,580
JG_2016007,EGM_6-40,06,YOY,YOY,F,TCB,EGoM,Terra_Ceia_Bay,2016,JUN,27.56631,-82.57346,420,460,580
JG_2016008,EGM_6-41,06,YOY,YOY,M,TCB,EGoM,Terra_Ceia_Bay,2016,JUN,27.56631,-82.57346,380,430,510
JG_2016011,EGM_6-42,06,YOY,YOY,F,TCB,EGoM,Terra_Ceia_Bay,2016,JUN,27.56631,-82.57346,430,480,590
CLIM 02 28/VIII/14,EGM_6-43,06,YOY,YOY,M,APB,EGoM,Apalachicola_Bay,2014,AUG,29.83446,-84.487,400,445,560
JG_2016007,EGM_6-44,06,YOY,YOY,F,TCB,EGoM,Terra_Ceia_Bay,2016,JUN,27.56631,-82.57346,420,460,580
JG_2016022,EGM_6-45,06,YOY,YOY,F,TCB,EGoM,Terra_Ceia_Bay,2016,JUN,27.5662,-82.57405,490,540,660
JG_2016005,EGM_6-46,06,YOY,YOY,M,TCB,EGoM,Terra_Ceia_Bay,2016,JUN,27.56631,-82.57346,460,570,630
JG_2016027,EGM_6-47,06,YOY,YOY,F,TCB,EGoM,Terra_Ceia_Bay,2016,JUN,27.56617,-82.57372,420,470,570
PO051518GN02-001,EGM_7-01,07,YOY,YOY,F,MOB,EGoM,Mobile_Bay,2018,MAY,30.33861,-88.38139,400,440,556
WI_033018BL04046,EGM_7-02,07,YOY,YOY,F,MOB,EGoM,Mobile_Bay,2018,MAR,30.33861,-88.38139,582,641,794
WI_042418BL02027_P1,EGM_7-03,07,YOY,YOY,M,MOB,EGoM,Mobile_Bay,2018,APR,30.33861,-88.38139,408,450,505
PO051518GN02-001,EGM_7-04,07,YOY,YOY,F,MOB,EGoM,Mobile_Bay,2018,MAY,30.33861,-88.38139,400,440,556
PO051518GN02-002,EGM_7-05,07,YOY,YOY,M,MOB,EGoM,Mobile_Bay,2018,MAY,30.25417,-88.20583,390,430,540
WI_033018BL04046,EGM_7-06,07,YOY,YOY,F,MOB,EGoM,Mobile_Bay,2018,MAR,30.33861,-88.38139,582,641,794
JG_5231,EGM_8-03,08,YOY,YOY,M,TCB,EGoM,Terra_Ceia_Bay,2018,MAY,27.5611,-82.5714,370,410,510
JG_52310,EGM_8-04,08,YOY,YOY,M,TCB,EGoM,Terra_Ceia_Bay,2018,MAY,27.5611,-82.5714,410,460,560
JG_52311,EGM_8-05,08,YOY,YOY,F,TCB,EGoM,Terra_Ceia_Bay,2018,MAY,27.5611,-82.5714,410,460,560
JG_7090562,EGM_8-06,08,YOY,YOY,F,TCB,EGoM,Terra_Ceia_Bay,2018,JUL,27.54906,-82.58159,470,520,640
JG_7090537,EGM_8-07,08,YOY,YOY,F,TCB,EGoM,Terra_Ceia_Bay,2018,JUL,27.54906,-82.58159,450,510,620
JG_7090525,EGM_8-08,08,YOY,YOY,M,TCB,EGoM,Terra_Ceia_Bay,2018,JUL,27.54906,-82.58159,460,520,640
JG_7090520,EGM_8-09,08,YOY,YOY,M,TCB,EGoM,Terra_Ceia_Bay,2018,JUL,27.54906,-82.58159,460,520,630
JG_7090518,EGM_8-10,08,YOY,YOY,F,TCB,EGoM,Terra_Ceia_Bay,2018,JUL,27.54906,-82.58159,470,540,630
JG_7090517,EGM_8-11,08,YOY,YOY,M,TCB,EGoM,Terra_Ceia_Bay,2018,JUL,27.54906,-82.58159,460,520,640
JG_7090504,EGM_8-12,08,YOY,YOY,F,TCB,EGoM,Terra_Ceia_Bay,2018,JUL,27.54906,-82.58159,600,670,820
JG_7090502,EGM_8-13,08,YOY,YOY,F,TCB,EGoM,Terra_Ceia_Bay,2018,JUL,27.54906,-82.58159,470,520,640
JG_5232,EGM_8-14,08,YOY,YOY,F,TCB,EGoM,Terra_Ceia_Bay,2018,MAY,27.5611,-82.5714,570,630,780
JG_5234,EGM_8-15,08,YOY,YOY,M,TCB,EGoM,Terra_Ceia_Bay,2018,MAY,27.5611,-82.5714,410,460,550
JG_5235,EGM_8-16,08,YOY,YOY,F,TCB,EGoM,Terra_Ceia_Bay,2018,MAY,27.5611,-82.5714,390,430,530
JG_5237,EGM_8-17,08,YOY,YOY,F,TCB,EGoM,Terra_Ceia_Bay,2018,MAY,27.5611,-82.5714,420,480,570
JG_6140408,EGM_8-18,08,YOY,YOY,F,TCB,EGoM,Terra_Ceia_Bay,2018,JUN,27.55791,-82.58922,410,460,560
JG_52312,EGM_8-19,08,YOY,YOY,F,TCB,EGoM,Terra_Ceia_Bay,2018,MAY,27.5611,-82.5714,420,470,570
JG_7030502,EGM_8-26,08,YOY,YOY,F,TCB,EGoM,Terra_Ceia_Bay,2018,JUL,27.56425,-82.57063,390,440,530
JG_7030501,EGM_8-29,08,YOY,YOY,M,TCB,EGoM,Terra_Ceia_Bay,2018,JUL,27.56425,-82.57063,470,530,640
GN_015201601001,EGM_8-42,08,YOY,YOY,M,APB,EGoM,Apalachicola_Bay,2016,MAY,29.63823,-85.19163,650,720,807
GN_061201601003,EGM_8-43,08,YOY,YOY,F,APB,EGoM,Apalachicola_Bay,2016,JUL,29.66838,-85.20332,570,630,706
GN_016201601008,EGM_8-44,08,YOY,YOY,F,APB,EGoM,Apalachicola_Bay,2016,MAY,29.66568,-85.19273,420,470,527
GN_016201601005,EGM_8-45,08,YOY,YOY,F,APB,EGoM,Apalachicola_Bay,2016,MAY,29.66568,-85.19273,600,660,740
GN_015201601002,EGM_8-46,08,YOY,YOY,F,APB,EGoM,Apalachicola_Bay,2016,MAY,29.63823,-85.19163,560,630,706
GN_016201601010,EGM_8-47,08,YOY,YOY,M,APB,EGoM,Apalachicola_Bay,2016,MAY,29.66568,-85.19273,570,630,706
GN_061201601005,EGM_8-48,08,YOY,YOY,F,APB,EGoM,Apalachicola_Bay,2016,JUL,29.66838,-85.20332,650,700,785
GN_016201601004,EGM_8-49,08,YOY,YOY,M,APB,EGoM,Apalachicola_Bay,2016,MAY,29.66568,-85.19273,450,500,561
GN_061201601012,EGM_8-50,08,YOY,YOY,M,APB,EGoM,Apalachicola_Bay,2016,JUL,29.66838,-85.20332,570,625,701
GN_014201601001,EGM_8-51,08,YOY,YOY,F,APB,EGoM,Apalachicola_Bay,2016,MAY,29.63413,-85.16287,510,560,628
GN_064201601003,EGM_8-52,08,YOY,YOY,F,APB,EGoM,Apalachicola_Bay,2016,JUL,29.66342,-85.23452,590,660,740
GN_079201601014,EGM_8-53,08,YOY,YOY,M,APB,EGoM,Apalachicola_Bay,2016,SEP,29.64868,-85.21055,570,630,706
GN_063201601003,EGM_8-54,08,YOY,YOY,M,APB,EGoM,Apalachicola_Bay,2016,JUL,29.67265,-85.22525,620,685,768
GN_061201601016,EGM_8-55,08,YOY,YOY,M,APB,EGoM,Apalachicola_Bay,2016,JUL,29.66838,-85.20332,650,720,807
GN_061201601004,EGM_8-56,08,YOY,YOY,M,APB,EGoM,Apalachicola_Bay,2016,JUL,29.66838,-85.20332,600,655,734
JG_2016021,EGM_8-67,08,YOY,YOY,M,TCB,EGoM,Terra_Ceia_Bay,2016,JUN,27.5662,-82.57405,440,470,590
JG_2016024,EGM_8-68,08,YOY,YOY,F,TCB,EGoM,Terra_Ceia_Bay,2016,JUN,27.5662,-82.57405,440,480,600
JG_10272,EGM_8-70,08,YOY,YOY,M,TCB,EGoM,Terra_Ceia_Bay,2017,OCT,27.56482,-82.58192,550,620,760
GN_023201801003,EGM_9-02,09,YOY,YOY,F,APB,EGoM,Apalachicola_Bay,2018,MAY,29.66847,-85.22132,590,660,740
GN_023201801006,EGM_9-03,09,YOY,YOY,M,APB,EGoM,Apalachicola_Bay,2018,MAY,29.66847,-85.22132,560,620,695
GN_023201801003,EGM_9-06,09,YOY,YOY,F,APB,EGoM,Apalachicola_Bay,2018,MAY,29.66847,-85.22132,590,660,740
GN_023201801005,EGM_9-08,09,YOY,YOY,F,APB,EGoM,Apalachicola_Bay,2018,MAY,29.66847,-85.22132,565,630,706
TX_55512,WGM_10-01,10,NA,YOY,M,CCB,WGoM,Corpus_Christi_Bay,2017,SEP,27.7825,-97.19274,NA,680,763
TX_2019523,WGM_10-02,10,NA,YOY,M,CCB,WGoM,Corpus_Christi_Bay,2019,SEP,27.726,-97.15867,555,624,761
TX_2019526,WGM_10-03,10,NA,YOY,F,CCB,WGoM,Corpus_Christi_Bay,2019,SEP,27.726,-97.15867,562,625,756
TX_55690,WGM_10-04,10,NA,YOY,F,CCB,WGoM,Corpus_Christi_Bay,2019,JUN,27.94139,-97.03389,NA,482,542
TX_59099,WGM_10-05,10,NA,YOY,F,CCB,WGoM,Corpus_Christi_Bay,2019,OCT,27.81639,-97.14917,NA,703,789
TX_59098,WGM_10-06,10,NA,YOY,M,CCB,WGoM,Corpus_Christi_Bay,2019,OCT,27.82861,-97.23139,NA,686,770
TX_59097,WGM_10-07,10,NA,YOY,F,CCB,WGoM,Corpus_Christi_Bay,2019,OCT,27.81361,-97.18167,NA,706,792
TX_59018,WGM_10-10,10,NA,YOY,F,CCB,WGoM,Corpus_Christi_Bay,2019,SEP,27.84639,-97.12472,NA,655,735
TX_59100,WGM_10-11,10,NA,YOY,M,CCB,WGoM,Corpus_Christi_Bay,2019,OCT,27.81639,-97.14917,NA,679,762
TX_59012,WGM_10-12,10,NA,YOY,M,CCB,WGoM,Corpus_Christi_Bay,2019,SEP,27.84639,-97.12472,NA,691,776
TX_59017,WGM_10-13,10,NA,YOY,F,CCB,WGoM,Corpus_Christi_Bay,2019,SEP,27.84639,-97.12472,NA,642,721
TX_59096,WGM_10-14,10,NA,YOY,F,CCB,WGoM,Corpus_Christi_Bay,2019,OCT,27.82861,-97.23139,NA,704,790
TX_59024,WGM_10-15,10,NA,YOY,F,CCB,WGoM,Corpus_Christi_Bay,2019,SEP,27.82861,-97.23139,NA,692,777
TX_2019525,WGM_10-16,10,NA,YOY,F,CCB,WGoM,Corpus_Christi_Bay,2019,SEP,27.726,-97.15867,557,615,733
TX_59027,WGM_10-17,10,NA,YOY,F,CCB,WGoM,Corpus_Christi_Bay,2019,SEP,27.82861,-97.23139,NA,689,773
TX_59013,WGM_10-18,10,NA,YOY,M,CCB,WGoM,Corpus_Christi_Bay,2019,SEP,27.84639,-97.12472,NA,647,726
TX_55726,WGM_10-19,10,NA,YOY,F,CCB,WGoM,Corpus_Christi_Bay,2019,SEP,27.95389,-96.98611,NA,658,739
TX_59025,WGM_10-20,10,NA,YOY,F,CCB,WGoM,Corpus_Christi_Bay,2019,SEP,27.82861,-97.23139,NA,690,774
TX_2019524,WGM_10-21,10,NA,YOY,F,CCB,WGoM,Corpus_Christi_Bay,2019,SEP,27.726,-97.15867,557,620,750
TX_58068,WGM_10-24,10,NA,YOY,UND,GAB,WGoM,Galveston_Bay,2018,MAY,29.38556,-94.77333,NA,521,585
TX_58075,WGM_10-25,10,NA,YOY,UND,GAB,WGoM,Galveston_Bay,2018,MAY,29.38556,-94.77333,NA,432,485
TX_201810,WGM_10-26,10,NA,YOY,M,GAB,WGoM,Galveston_Bay,2018,MAY,29.35806,-94.88556,NA,447,502
TX_201917,WGM_10-27,10,NA,YOY,F,GAB,WGoM,Galveston_Bay,2019,JUN,29.09806,-95.14167,NA,525,590
TX_201930,WGM_10-28,10,NA,YOY,F,GAB,WGoM,Galveston_Bay,2019,JUN,29.09806,-95.14167,NA,465,523
TX_2018220,WGM_10-30,10,NA,YOY,M,GAB,WGoM,Galveston_Bay,2018,MAY,29.21111,-94.88556,NA,497,558
TX_201819,WGM_10-31,10,NA,YOY,F,GAB,WGoM,Galveston_Bay,2018,MAY,29.35806,-94.88556,NA,508,571
TX_201823,WGM_10-32,10,NA,YOY,M,GAB,WGoM,Galveston_Bay,2018,MAY,29.35806,-94.88556,NA,514,577
TX_47161,WGM_10-33,10,NA,YOY,M,LLM,WGoM,Lower_Laguna_Madre,2018,JUN,26.10806,-97.22528,NA,504,566
TX_47215,WGM_10-34,10,NA,YOY,M,LLM,WGoM,Lower_Laguna_Madre,2018,SEP,NA,NA,NA,689,773
TX_47214,WGM_10-35,10,NA,YOY,F,LLM,WGoM,Lower_Laguna_Madre,2018,SEP,NA,NA,NA,709,796
TX_47213,WGM_10-36,10,NA,YOY,F,LLM,WGoM,Lower_Laguna_Madre,2018,SEP,NA,NA,NA,674,756
TX_47212,WGM_10-37,10,NA,YOY,F,LLM,WGoM,Lower_Laguna_Madre,2018,SEP,NA,NA,NA,701,787
TX_47158,WGM_10-41,10,NA,YOY,F,LLM,WGoM,Lower_Laguna_Madre,2018,MAY,26.53194,-97.36194,NA,543,610
TX_2019_29,WGM_10-42,10,NA,YOY,M,MAB,WGoM,Matagorda_Bay,2019,OCT,28.42833,-96.34806,NA,670,752
TX_2019_30,WGM_10-43,10,NA,YOY,F,MAB,WGoM,Matagorda_Bay,2019,OCT,28.42833,-96.34806,NA,690,775
TX_2019_145,WGM_10-45,10,NA,YOY,F,MAB,WGoM,Matagorda_Bay,2019,OCT,28.42833,-96.34806,NA,667,749
TX_2019_149,WGM_10-46,10,NA,YOY,M,MAB,WGoM,Matagorda_Bay,2019,OCT,28.42833,-96.34806,NA,638,716
TX_2019_150,WGM_10-47,10,NA,YOY,F,MAB,WGoM,Matagorda_Bay,2019,OCT,28.42833,-96.34806,NA,662,743
TX_2019_159,WGM_10-51,10,NA,YOY,F,MAB,WGoM,Matagorda_Bay,2019,OCT,28.42833,-96.34806,NA,615,690
TX_2019_161,WGM_10-53,10,NA,YOY,M,MAB,WGoM,Matagorda_Bay,2019,OCT,28.42833,-96.34806,NA,622,698
TX_2019_167,WGM_10-54,10,NA,YOY,F,MAB,WGoM,Matagorda_Bay,2019,SEP,28.46389,-96.41639,NA,704,790
TX_2019_170,WGM_10-55,10,NA,YOY,F,MAB,WGoM,Matagorda_Bay,2019,SEP,28.44806,-96.40167,NA,708,795
TX_2019_172,WGM_10-56,10,NA,YOY,M,MAB,WGoM,Matagorda_Bay,2019,SEP,28.44806,-96.40167,NA,425,478
TX_2019_180,WGM_10-57,10,NA,YOY,M,MAB,WGoM,Matagorda_Bay,2019,SEP,28.46389,-96.41639,NA,700,786
TX_2019_181,WGM_10-58,10,NA,YOY,F,MAB,WGoM,Matagorda_Bay,2019,OCT,28.42833,-96.34806,NA,668,750
TX_2019_189,WGM_10-59,10,NA,YOY,M,MAB,WGoM,Matagorda_Bay,2019,OCT,28.42833,-96.34806,NA,641,720
TX_2019_A15,WGM_10-61,10,NA,YOY,M,MAB,WGoM,Matagorda_Bay,2019,OCT,28.42833,-96.34806,NA,659,740
TX_2019_B4,WGM_10-62,10,NA,YOY,F,MAB,WGoM,Matagorda_Bay,2019,SEP,28.46389,-96.41639,NA,677,760
TX_2019_144,WGM_10-64,10,NA,YOY,M,MAB,WGoM,Matagorda_Bay,2019,OCT,28.64139,-96.51944,NA,657,737
TX_2019_162,WGM_10-65,10,NA,YOY,F,MAB,WGoM,Matagorda_Bay,2019,OCT,28.42833,-96.34806,NA,673,755
TX_2019_186,WGM_10-66,10,NA,YOY,F,MAB,WGoM,Matagorda_Bay,2019,SEP,28.46389,-96.41639,NA,647,726
TX_47136,WGM_11-01,11,NA,YOY,M,LLM,WGoM,Lower_Laguna_Madre,2018,JUN,26.53194,-97.36194,NA,577,648
TX_201927,WGM_11-02,11,NA,YOY,F,GAB,WGoM,Galveston_Bay,2019,JUN,29.09917,-95.10889,NA,515,579
TX_47215,WGM_11-03,11,NA,YOY,M,LLM,WGoM,Lower_Laguna_Madre,2018,SEP,NA,NA,NA,689,773
TX_2019_160,WGM_11-04,11,NA,YOY,M,MAB,WGoM,Matagorda_Bay,2019,OCT,28.44944,-96.31444,NA,422,474
TX_2019146,WGM_11-06,11,NA,YOY,F,SAB,WGoM,San_Antonio_Bay,2019,OCT,28.39361,-96.49556,NA,704,790
BT-20529,WGM_3-02,03,NA,YOY,M,SAB,WGoM,San_Antonio_Bay,2013,SEP,28.18167,-96.8425,462,503,639
BT-21530,WGM_3-03,03,NA,YOY,F,SAB,WGoM,San_Antonio_Bay,2013,SEP,28.19583,-96.71139,572,626,797
BT-22531,WGM_3-04,03,NA,YOY,F,SAB,WGoM,San_Antonio_Bay,2013,SEP,28.19583,-96.71139,574,620,795
BT-30547,WGM_3-07,03,NA,YOY,F,SAB,WGoM,San_Antonio_Bay,2013,SEP,28.20417,-96.69778,573,632,792
BT-33550,WGM_3-08,03,NA,YOY,F,SAB,WGoM,San_Antonio_Bay,2013,SEP,28.18167,-96.8425,511,563,714
BT-44565,WGM_3-10,03,NA,YOY,F,SAB,WGoM,San_Antonio_Bay,2013,SEP,28.2,-96.82417,570,631,799
BT-45566,WGM_3-11,03,NA,YOY,M,SAB,WGoM,San_Antonio_Bay,2013,SEP,28.19583,-96.71139,558,623,782
BT-52583,WGM_3-15,03,NA,YOY,F,SAB,WGoM,San_Antonio_Bay,2013,OCT,28.19583,-96.71139,558,617,766
BT-53584,WGM_3-16,03,NA,YOY,F,SAB,WGoM,San_Antonio_Bay,2013,OCT,28.19583,-96.71139,554,615,773
BT-54585,WGM_3-17,03,NA,YOY,F,SAB,WGoM,San_Antonio_Bay,2013,OCT,28.19583,-96.71139,538,599,742
BT-55586,WGM_3-18,03,NA,YOY,F,SAB,WGoM,San_Antonio_Bay,2013,OCT,28.19583,-96.71139,537,595,744
BT-58589,WGM_3-19,03,NA,YOY,F,SAB,WGoM,San_Antonio_Bay,2013,OCT,28.19583,-96.71139,560,622,779
TX_20157,WGM_4-38,04,NA,YOY,F,SAB,WGoM,San_Antonio_Bay,2015,APR,28.42611,-96.41361,NA,582,654
TX_35511,WGM_5-33,05,NA,YOY,F,SAB,WGoM,San_Antonio_Bay,2014,SEP,28.23194,-96.78306,NA,666,748
TX_35515,WGM_5-34,05,NA,YOY,F,SAB,WGoM,San_Antonio_Bay,2014,OCT,28.26111,-96.63194,NA,706,792
TX_35517,WGM_5-35,05,NA,YOY,M,SAB,WGoM,San_Antonio_Bay,2014,OCT,28.31111,-96.62639,NA,622,698
TX_35517,WGM_5-36,05,NA,YOY,M,SAB,WGoM,San_Antonio_Bay,2014,OCT,28.31111,-96.62639,NA,622,698
TX_35519,WGM_5-37,05,NA,YOY,M,SAB,WGoM,San_Antonio_Bay,2014,OCT,28.28472,-96.60694,NA,649,729
TX_35520,WGM_5-38,05,NA,YOY,F,SAB,WGoM,San_Antonio_Bay,2014,SEP,28.33611,-96.60278,NA,707,794
TX_35530,WGM_5-39,05,NA,YOY,F,SAB,WGoM,San_Antonio_Bay,2014,SEP,28.23194,-96.78306,NA,621,697
TX_35532,WGM_5-40,05,NA,YOY,M,SAB,WGoM,San_Antonio_Bay,2014,SEP,28.18167,-96.8425,NA,679,762
TX_35534,WGM_5-41,05,NA,YOY,F,SAB,WGoM,San_Antonio_Bay,2014,SEP,28.18167,-96.8425,NA,633,711
TX_35543,WGM_5-42,05,NA,YOY,F,SAB,WGoM,San_Antonio_Bay,2014,OCT,28.28472,-96.60694,NA,632,709
TX_35545,WGM_5-43,05,NA,YOY,M,SAB,WGoM,San_Antonio_Bay,2014,SEP,28.23194,-96.78306,NA,615,690
TX_35546,WGM_5-44,05,NA,YOY,F,SAB,WGoM,San_Antonio_Bay,2014,SEP,28.23194,-96.78306,NA,657,737
TX_35549,WGM_5-45,05,NA,YOY,F,SAB,WGoM,San_Antonio_Bay,2014,OCT,28.28472,-96.60694,NA,696,781
TX_35550,WGM_5-46,05,NA,YOY,M,SAB,WGoM,San_Antonio_Bay,2014,OCT,28.31111,-96.62639,NA,680,763
TX_35581,WGM_5-47,05,NA,YOY,M,SAB,WGoM,San_Antonio_Bay,2014,OCT,28.36306,-96.47306,NA,667,749
TX_35587,WGM_5-48,05,NA,YOY,F,SAB,WGoM,San_Antonio_Bay,2014,SEP,28.19583,-96.71139,NA,682,766
TX_35594,WGM_5-49,05,NA,YOY,F,SAB,WGoM,San_Antonio_Bay,2014,SEP,28.33611,-96.60278,NA,613,688
TX_35605,WGM_5-50,05,NA,YOY,F,SAB,WGoM,San_Antonio_Bay,2014,SEP,28.31944,-96.61944,NA,617,693
TX_35702,WGM_5-51,05,NA,YOY,F,SAB,WGoM,San_Antonio_Bay,2014,SEP,28.19583,-96.71139,NA,705,791
TX_35703,WGM_5-52,05,NA,YOY,M,SAB,WGoM,San_Antonio_Bay,2014,SEP,28.20417,-96.69778,NA,707,794
TX_35704,WGM_5-53,05,NA,YOY,F,SAB,WGoM,San_Antonio_Bay,2014,SEP,28.19583,-96.71139,NA,654,734
TX_35705,WGM_5-54,05,NA,YOY,F,SAB,WGoM,San_Antonio_Bay,2014,SEP,28.19583,-96.71139,NA,685,769
TX_35707,WGM_5-55,05,NA,YOY,M,SAB,WGoM,San_Antonio_Bay,2014,SEP,28.19583,-96.71139,NA,681,764
TX_35708,WGM_5-56,05,NA,YOY,M,SAB,WGoM,San_Antonio_Bay,2014,SEP,28.19583,-96.71139,NA,711,798
TX_35711,WGM_5-57,05,NA,YOY,F,SAB,WGoM,San_Antonio_Bay,2014,OCT,28.36306,-96.47306,NA,647,726
TX_48358,WGM_5-58,05,NA,YOY,F,SAB,WGoM,San_Antonio_Bay,2014,OCT,28.31111,-96.62639,NA,665,747
TX_50510,WGM_5-59,05,NA,YOY,F,CCB,WGoM,Corpus_Christi_Bay,2016,MAY,27.85056,-97.12111,NA,570,640
TX_50513,WGM_5-60,05,NA,YOY,M,CCB,WGoM,Corpus_Christi_Bay,2016,JUN,27.84917,-97.13917,NA,561,630
TX_50660,WGM_5-61,05,NA,YOY,M,CCB,WGoM,Corpus_Christi_Bay,2016,MAY,27.82389,-97.13556,NA,565,634
TX_50678,WGM_5-63,05,NA,YOY,F,CCB,WGoM,Corpus_Christi_Bay,2014,SEP,27.84917,-97.13889,NA,670,752
TX_50747,WGM_5-64,05,NA,YOY,UND,CCB,WGoM,Corpus_Christi_Bay,2014,OCT,27.71306,-97.31611,NA,665,747
TX_35498,WGM_6-45,06,NA,YOY,F,SAB,WGoM,San_Antonio_Bay,2014,SEP,28.2,-96.82417,NA,538,604
TX_201783,WGM_6-47,06,NA,YOY,F,SAB,WGoM,San_Antonio_Bay,2017,MAY,28.19583,-96.71139,NA,538,604
TX_35486,WGM_6-50,06,NA,YOY,UND,SAB,WGoM,San_Antonio_Bay,2014,OCT,28.34028,-96.44444,NA,689,773
TX_201626,WGM_6-51,06,NA,YOY,M,SAB,WGoM,San_Antonio_Bay,2016,OCT,28.31944,-96.61944,NA,568,638
TX_35505,WGM_6-52,06,NA,YOY,F,SAB,WGoM,San_Antonio_Bay,2014,OCT,28.31111,-96.62639,NA,642,721
TX_201621,WGM_6-53,06,NA,YOY,F,SAB,WGoM,San_Antonio_Bay,2016,MAY,28.31806,-96.63472,NA,520,584
TX_201613,WGM_6-54,06,NA,YOY,M,SAB,WGoM,San_Antonio_Bay,2016,MAY,28.31111,-96.62639,NA,537,603
TX_201735,WGM_6-55,06,NA,YOY,F,SAB,WGoM,San_Antonio_Bay,2017,APR,28.36306,-96.47306,NA,507,569
TX_20174,WGM_6-56,06,NA,YOY,M,GAB,WGoM,Galveston_Bay,2017,JUN,29.12972,-95.16278,NA,549,617
TX_201718,WGM_6-57,06,NA,YOY,F,GAB,WGoM,Galveston_Bay,2017,JUN,29.12972,-95.16278,NA,494,555
TX_201652,WGM_6-58,06,NA,YOY,F,SAB,WGoM,San_Antonio_Bay,2016,OCT,28.34306,-96.43972,NA,682,766
TX_201628,WGM_6-59,06,NA,YOY,F,SAB,WGoM,San_Antonio_Bay,2016,OCT,28.32639,-96.50417,NA,691,776
TX_35507,WGM_6-61,06,NA,YOY,M,SAB,WGoM,San_Antonio_Bay,2014,OCT,28.26111,-96.63194,NA,672,754
TX_201745,WGM_6-68,06,NA,YOY,M,SAB,WGoM,San_Antonio_Bay,2017,APR,28.4,-96.42806,NA,538,604
TX_201739,WGM_6-69,06,NA,YOY,M,SAB,WGoM,San_Antonio_Bay,2017,APR,28.36306,-96.47306,NA,532,598
TX_201760,WGM_6-71,06,NA,YOY,F,SAB,WGoM,San_Antonio_Bay,2017,APR,28.19583,-96.71139,NA,502,564
TX_201737,WGM_6-72,06,NA,YOY,M,SAB,WGoM,San_Antonio_Bay,2017,APR,28.36306,-96.47306,NA,499,561
TX_201758,WGM_6-73,06,NA,YOY,M,SAB,WGoM,San_Antonio_Bay,2017,APR,28.42611,-96.41361,NA,524,588
TX_201740,WGM_6-74,06,NA,YOY,F,SAB,WGoM,San_Antonio_Bay,2017,APR,28.3675,-96.47111,NA,538,604
TX_201767,WGM_6-75,06,NA,YOY,M,SAB,WGoM,San_Antonio_Bay,2017,MAY,28.19583,-96.71139,NA,554,622
TX_201743,WGM_6-76,06,NA,YOY,M,SAB,WGoM,San_Antonio_Bay,2017,APR,28.4,-96.42806,NA,509,572
TX_201789,WGM_6-77,06,NA,YOY,F,SAB,WGoM,San_Antonio_Bay,2017,MAY,28.19583,-96.71139,NA,571,641
MGL_8207,WGM_6-79,06,YOY,YOY,F,LLM,WGoM,Lower_Laguna_Madre,2016,JUN,26.2,-97.269,443,500,561
MGL_8296,WGM_6-80,06,YOY,YOY,F,LLM,WGoM,Lower_Laguna_Madre,2016,JUN,26.2,-97.269,412,547,613
TX_201741,WGM_6-83,06,NA,YOY,F,SAB,WGoM,San_Antonio_Bay,2017,APR,28.39028,-96.50139,NA,511,574
TX_201651,WGM_6-86,06,NA,YOY,F,SAB,WGoM,San_Antonio_Bay,2016,OCT,28.34167,-96.44167,NA,701,787
TX_201714,WGM_6-87,06,NA,YOY,UND,GAB,WGoM,Galveston_Bay,2017,JUN,29.12972,-95.16278,NA,485,545
TX_20175,WGM_6-88,06,NA,YOY,M,GAB,WGoM,Galveston_Bay,2017,JUN,29.12972,-95.16278,NA,610,685
TX_201614,WGM_6-89,06,NA,YOY,F,SAB,WGoM,San_Antonio_Bay,2016,MAY,28.31111,-96.62639,NA,522,586
TX_201616,WGM_6-90,06,NA,YOY,M,SAB,WGoM,San_Antonio_Bay,2016,MAY,28.31111,-96.62639,NA,546,613
TX_201618,WGM_6-91,06,NA,YOY,F,SAB,WGoM,San_Antonio_Bay,2016,MAY,28.31806,-96.63472,NA,526,591
TX_201623,WGM_6-92,06,NA,YOY,F,SAB,WGoM,San_Antonio_Bay,2016,MAY,28.31806,-96.63472,NA,515,578
TX_201624,WGM_6-93,06,NA,YOY,F,SAB,WGoM,San_Antonio_Bay,2016,MAY,28.31806,-96.63472,NA,514,577
TX_201623,WGM_6-94,06,NA,YOY,F,SAB,WGoM,San_Antonio_Bay,2016,MAY,28.31806,-96.63472,NA,515,578
TX_47021,WGM_7-42,07,NA,YOY,F,LLM,WGoM,Lower_Laguna_Madre,2017,MAY,26.2,-97.269,NA,588,660
TX_54138,WGM_7-43,07,NA,YOY,M,LLM,WGoM,Lower_Laguna_Madre,2017,MAY,26.2,-97.269,NA,547,614
TX_47021,WGM_7-60,07,NA,YOY,F,LLM,WGoM,Lower_Laguna_Madre,2017,MAY,26.2,-97.269,NA,588,660
TX_46928,WGM_7-62,07,NA,YOY,F,LLM,WGoM,Lower_Laguna_Madre,2016,SEP,26.2,-97.269,NA,685,769
TX_20163,WGM_7-75,07,NA,YOY,F,SAB,WGoM,San_Antonio_Bay,2016,APR,28.33611,-96.60278,NA,699,785
TX_47021,WGM_7-83,07,NA,YOY,F,LLM,WGoM,Lower_Laguna_Madre,2017,MAY,26.2,-97.269,NA,588,660
TX_2017010,WGM_7-84,07,NA,YOY,F,SAB,WGoM,San_Antonio_Bay,2017,NOV,28.34306,-96.43972,NA,672,754
TX_20163,WGM_7-86,07,NA,YOY,F,SAB,WGoM,San_Antonio_Bay,2016,APR,28.33611,-96.60278,NA,699,785
TX_201834,WGM_8-01,08,NA,YOY,F,MAB,WGoM,Matagorda_Bay,2018,APR,28.61667,-96.51111,NA,691,776
TX_201820,WGM_8-03,08,NA,YOY,F,MAB,WGoM,Matagorda_Bay,2018,APR,28.63222,-96.49694,NA,668,750
TX_201831,WGM_8-04,08,NA,YOY,M,MAB,WGoM,Matagorda_Bay,2018,APR,28.63222,-96.49694,NA,695,780
TX_2018Y,WGM_8-05,08,NA,YOY,M,MAB,WGoM,Matagorda_Bay,2018,MAY,28.63333,-96.07972,NA,529,594
TX_2018P,WGM_8-06,08,NA,YOY,M,MAB,WGoM,Matagorda_Bay,2018,MAY,28.7,-96.25972,NA,681,764
TX_2018B5,WGM_8-07,08,NA,YOY,M,MAB,WGoM,Matagorda_Bay,2018,MAY,28.66111,-96.58389,NA,527,592
TX_2018A3,WGM_8-08,08,NA,YOY,M,MAB,WGoM,Matagorda_Bay,2018,MAY,28.65972,-96.63417,NA,547,614
TX_2018A12,WGM_8-09,08,NA,YOY,F,MAB,WGoM,Matagorda_Bay,2018,MAY,28.65972,-96.63417,NA,565,634
TX_2018H,WGM_8-10,08,NA,YOY,M,MAB,WGoM,Matagorda_Bay,2018,JUN,28.63972,-96.41806,NA,524,588
TX_2018J,WGM_8-11,08,NA,YOY,M,MAB,WGoM,Matagorda_Bay,2018,JUN,28.63972,-96.41806,NA,522,586
TX_2018A4,WGM_8-15,08,NA,YOY,M,MAB,WGoM,Matagorda_Bay,2018,SEP,28.62972,-96.47111,NA,711,798
TX_2018B8,WGM_8-16,08,NA,YOY,F,MAB,WGoM,Matagorda_Bay,2018,OCT,28.44694,-96.40222,NA,688,772
TX_2017006,WGM_8-23,08,NA,YOY,F,MAB,WGoM,Matagorda_Bay,2017,NOV,28.44889,-96.31528,NA,713,800
TX_20184,WGM_8-32,08,NA,YOY,M,MAB,WGoM,Matagorda_Bay,2018,APR,28.61667,-96.51111,NA,701,787
TX_2018261,WGM_9-08,09,NA,YOY,F,GAB,WGoM,Galveston_Bay,2018,OCT,29.40667,-94.88611,NA,549,616
TX_201813,WGM_9-10,09,NA,YOY,F,GAB,WGoM,Galveston_Bay,2018,OCT,29.40667,-94.88611,NA,549,616
